110;"com.taomee.seer2.app.gameRule.spt.support.SptConfigInfoManager__xmlClass"
117;"com.taomee.seer2.app.config.QuestConfig__xmlClass"
35;"com.taomee.seer2.app.config.FightDecorationConfig__xmlClass"
43;"com.taomee.seer2.app.config.ItemConfig__medalXmlClass"
111;"com.taomee.seer2.app.config.PaintGuessSwapConfig__xmlClass"
1;"com.taomee.seer2.app.config.vip.VipConfig__xmlClass"
6;"com.taomee.seer2.app.config.KingFightTaskConfig__xmlClass"
182;"com.taomee.seer2.app.config.giftRemind.GiftRemindConfig__xmlClass"
124;"com.taomee.seer2.app.config.ShopPanelConfig__class"
5;"com.taomee.seer2.app.config.HornConfig__xmlClass"
23;"com.taomee.seer2.app.gameRule.spt.support.SptDialogConfig__xmlClass"
170;"com.taomee.seer2.app.config.PetConfig__dictionaryXmlClass"
129;"com.taomee.seer2.app.questTiny.QuestTinyHelper__xmlClass"
181;"com.taomee.seer2.app.config.YiteFightSwap__xmlClass"
37;"HuakangZhongyiFont"
109;"UI_LoadingBG"
172;"com.taomee.seer2.app.config.YiteFightConfig__xmlClass"
173;"com.taomee.seer2.app.config.ItemConfig__itemXmlClass"
28;"com.taomee.seer2.app.config.PetDictionarySpeakListConfig__setting"
96;"com.taomee.seer2.app.config.ActivityConfig__xmlClass"
179;"com.taomee.seer2.app.config.StarTaskConfig__xmlClass"
31;"com.taomee.seer2.app.config.FindPetConfig__xmlClass"
34;"com.taomee.seer2.app.config.CompensationConfig__xmlClass"
15;"com.taomee.seer2.app.config.PlantShopConfig__class"
176;"com.taomee.seer2.app.config.EvolveConfig__xmlClass"
126;"com.taomee.seer2.app.config.SkillSideEffectConfig__buffXmlClass"
4;"com.taomee.seer2.app.config.ProvideMonster__xmlClass"
54;"UI_ScreenCover"
8;"com.taomee.seer2.app.config.TitleConfig__xmlClass"
24;"com.taomee.seer2.app.starMagic.StarMagicConfig__xmlClass"
47;"com.taomee.seer2.app.config.BirthSkillListConfig__xmlClass"
123;"com.taomee.seer2.app.config.GadConfig__xmlClass"
13;"com.taomee.seer2.app.config.ActCalendarConfig__xmlClass"
133;"com.taomee.seer2.app.config.StoneConfig__xmlClass"
3;"com.taomee.seer2.app.config.FitConfig__xmlClass"
118;"com.taomee.seer2.app.config.WinterSignConfig__xmlClass"
20;"com.taomee.seer2.app.config.ItemConfig__suitXmlClass"
122;"com.taomee.seer2.app.config.AnimationDialog__xmlClass"
175;"com.taomee.seer2.app.config.PetEvolveConfig__starClass"
180;"com.taomee.seer2.app.config.LimitTimeItemListConfig__xmlClass"
95;"UI_Image_Level"
130;"com.taomee.seer2.app.config.DiceMapThingConfig__xmlClass"
178;"com.taomee.seer2.app.config.FishConfig__xmlClass"
125;"com.taomee.seer2.app.config.MapConfig__xmlClass"
49;"com.taomee.seer2.app.config.PetSkinDefineConfig__xmlClass"
27;"com.taomee.seer2.app.gameRule.door.constant.Door21LevelConstant__DoorMonData"
57;"com.taomee.seer2.app.config.questAnswer.FestivalAnswerConfig__xmlClass"
48;"com.taomee.seer2.app.config.questAnswer.QuestAnswerConfig__xmlClass"
32;"com.taomee.seer2.app.config.ProtocolConfig_ProtocolClass"
115;"com.taomee.seer2.app.config.PartyNotisiConfig__xmlClass"
134;"com.taomee.seer2.app.lobby.shootReward.MapShootSwapConfig__xmlClass"
44;"com.taomee.seer2.app.arena.util.HitInfoConfig__hitData"
112;"com.taomee.seer2.app.arena.util.ControlPanelUtil__btnSetting"
174;"com.taomee.seer2.app.config.MonsterConfig__xmlClass"
55;"com.taomee.seer2.app.config.NonoActivityConfig__xmlClass"
45;"com.taomee.seer2.app.config.PetSpirtTrainConfig__xmlClass"
26;"com.taomee.seer2.app.config.SkillConfig__movesXmlClass"
18;"com.taomee.seer2.app.config.SeedConfig__class"
12;"com.taomee.seer2.app.rightToolbar.config.RightToolbarConfig__xmlClass"
177;"com.taomee.seer2.app.config.EquipElementConfig__xmlClass"
132;"com.taomee.seer2.app.rarePet.config.RarePetConfig__class"
16;"com.taomee.seer2.app.config.NPCConfig__class"
51;"com.taomee.seer2.app.config.PlantBubbleConfig__class"
113;"com.taomee.seer2.app.config.PetMelee2Config__xmlClass"
97;"com.taomee.seer2.app.config.NewPetDicThisWeekListConfig__setting"
14;"com.taomee.seer2.app.config.PlantHomeConfig__xmlClass"
19;"com.taomee.seer2.app.config.VipConfig2__xmlClass"
9;"com.taomee.seer2.app.config.ItemGroupConfig__xmlClass"
120;"com.taomee.seer2.core.config.DreamConfig__xmlClass"
41;"com.taomee.seer2.app.config.FightLoadingTipConfig__xmlClass"
56;"com.taomee.seer2.app.config.PlanetConfig__xmlClass"
50;"com.taomee.seer2.app.config.SkillConfig__hideMovesXmlClass"
128;"com.taomee.seer2.app.config.PetConfig__petXmlClass"
169;"UI_LoadingBar"
42;"com.taomee.seer2.app.config.PetRideShopConfig__setting"
131;"com.taomee.seer2.app.config.DisCountConfig__xmlClass"
29;"com.taomee.seer2.app.config.timeNews.TimeNewsConfig__xmlClass"
21;"com.taomee.seer2.app.copySystem.CopyManager__xmlClass"
17;"com.taomee.seer2.app.config.PetStarConfig__xmlClass"
127;"com.taomee.seer2.app.config.PetEvolveConfig__xmlClass"
22;"com.taomee.seer2.app.config.TimeLimitConfig__xmlClass"
33;"com.taomee.seer2.app.shoot.ShootXMLInfo_xmlClass"
119;"com.taomee.seer2.app.config.ServerNameConfig__xmlClass"
11;"com.taomee.seer2.app.config.PetMeleeConfig__xmlClass"
30;"com.taomee.seer2.app.config.FreeUseItemListConfig__xmlClass"
121;"com.taomee.seer2.core.ui.LoadingBar__titleDataClass"
114;"com.taomee.seer2.app.announcement.AnnouncementConfig__xmlClass"
116;"com.taomee.seer2.app.config.MatchingConfig__xmlClass"
10;"com.taomee.seer2.app.config.PaintGuessConfig__xmlClass"
2;"com.taomee.seer2.app.config.DiceMapThingMeeConfig__xmlClass"
25;"com.taomee.seer2.app.config.PetSkinConfig__xmlClass"
38;"com.taomee.seer2.app.config.NonoNewsConfig__xmlClass"
7;"auto-fight-verify_xml$3a172e17e39618c9d448206c23009ab11530842017"
36;"com.taomee.seer2.app.config.NewTeamQuestConfig__xmlClass"
171;"com.taomee.seer2.core.module.ModulesToRemoveXMLInfo_xmlClass"
46;"com.taomee.seer2.app.config.PeakBattleConfig__xmlClass"
39;"com.taomee.seer2.app.config.ItemDictionaryConfig__xmlClass"
40;"com.taomee.seer2.app.config.PetConfig__dialogXmlClass"
104;"BackGroundUI"
