478;"SetQualityUI"
267;"TabUI"
395;"bagShowPanel"
401;"ApprisalAni"
724;"com.taomee.seer2.module.app.appraisal.AppraisalResultPanelUI"
752;"js_4"
733;"tf_3"
617;"mz_4"
734;"tf_4"
768;"ssp"
616;"mz_3"
731;"tf_1"
615;"mz_2"
732;"tf_2"
197;"PetSkillUI"
538;"BasePetAblilityUI"
765;"pf_1"
774;"qdzy_102"
766;"pf_4"
607;"CandidateSkillUI"
681;"sm_6"
667;"sm_5"
796;"CriticalSkillCellUI"
546;"AvailableSkillUI"
182;"PetListUI"
614;"mz_1"
565;"wg_4"
562;"wg_3"
561;"wg_2"
560;"wg_1"
655;"sm_2"
654;"sm_1"
657;"sm_4"
656;"sm_3"
366;"PetItemBagUI"
761;"dsp"
764;"staricon0"
687;"qdzy_4"
759;"jg_103"
125;"PetDemoUI"
741;"tg_2"
742;"tg_3"
307;"SelectSkillUI"
779;"bj_3"
740;"tg_1"
782;"bj_4"
780;"bj_1"
781;"bj_2"
158;"PetCellResUI"
601;"SetPotentionUI"
743;"tg_4"
544;"ItemCellUI"
762;"kb_9"
9;"PetBagBgUI"
304;"GraspSkillGetUI"
226;"HideSkillAlertUI"
627;"StarTip"
160;"GraspHideSkillUI"
648;"sb_4"
554;"wf_4"
553;"wf_3"
646;"sb_1"
551;"wf_2"
552;"wf_1"
647;"sb_3"
645;"sb_2"
288;"NormalSkillCellUI"
501;"PetInfoUI"
0;"com.taomee.seer2.module.app.versionOnePetBagPanel.PetBagPanel"
