303;"ui.splash.UI_FightCatchFailed"
992;"assets_swf$223d619de69321f89b5a1ebdf98f131d1160231491"
1126;"assets_swf$223d619de69321f89b5a1ebdf98f131d-1000319059"
1118;"assets_swf$223d619de69321f89b5a1ebdf98f131d-1000319056"
1127;"assets_swf$223d619de69321f89b5a1ebdf98f131d-1000319057"
214;"ui.end.QuickUpBtn"
20;"雄性_swf$06d07298cd534235b969b86bfab2dd071095970018"
993;"assets_swf$223d619de69321f89b5a1ebdf98f131d1160231490"
1123;"assets_swf$223d619de69321f89b5a1ebdf98f131d-1000319050"
1065;"ui.hub.UI_FightPetBtn"
424;"ui.sound.SkillSound0"
907;"assets_swf$223d619de69321f89b5a1ebdf98f131d457721064"
1120;"assets_swf$223d619de69321f89b5a1ebdf98f131d-1000319054"
908;"assets_swf$223d619de69321f89b5a1ebdf98f131d457721065"
1119;"assets_swf$223d619de69321f89b5a1ebdf98f131d-1000319055"
909;"assets_swf$223d619de69321f89b5a1ebdf98f131d457721066"
1122;"assets_swf$223d619de69321f89b5a1ebdf98f131d-1000319052"
910;"assets_swf$223d619de69321f89b5a1ebdf98f131d457721067"
1121;"assets_swf$223d619de69321f89b5a1ebdf98f131d-1000319053"
918;"assets_swf$223d619de69321f89b5a1ebdf98f131d2101779678"
920;"assets_swf$223d619de69321f89b5a1ebdf98f131d2101779679"
911;"assets_swf$223d619de69321f89b5a1ebdf98f131d457721068"
912;"assets_swf$223d619de69321f89b5a1ebdf98f131d457721069"
882;"assets_swf$223d619de69321f89b5a1ebdf98f131d-1678906576"
1124;"assets_swf$223d619de69321f89b5a1ebdf98f131d-1000319049"
956;"ui.status.UI_FighterLevelSign"
914;"assets_swf$223d619de69321f89b5a1ebdf98f131d457721071"
921;"assets_swf$223d619de69321f89b5a1ebdf98f131d457721074"
121;"ui.splash.UI_FightHpRecover"
923;"assets_swf$223d619de69321f89b5a1ebdf98f131d2101779677"
928;"assets_swf$223d619de69321f89b5a1ebdf98f131d2101779673"
696;"ui.status.UI_FightSkillRightBubble"
210;"ui.splash.UI_FightSplashMinus"
913;"assets_swf$223d619de69321f89b5a1ebdf98f131d457721070"
142;"assets_swf$223d619de69321f89b5a1ebdf98f131d-1057888858"
423;"ui.splash.UI_FightHurtTip"
883;"assets_swf$223d619de69321f89b5a1ebdf98f131d-526722972"
842;"assets_swf$223d619de69321f89b5a1ebdf98f131d-1065262564"
841;"assets_swf$223d619de69321f89b5a1ebdf98f131d-1065262563"
860;"ui.status.UI_FightAngerRight"
55;"ui.end.FightResultFlag"
1098;"assets_swf$223d619de69321f89b5a1ebdf98f131d-1014106627"
140;"assets_swf$223d619de69321f89b5a1ebdf98f131d-1057888861"
110;"ui.splash.UI_FightPresent"
471;"ui.splash.UI_NumberHpIncreasePlus"
475;"ui.splash.UI_FightWaiting"
139;"assets_swf$223d619de69321f89b5a1ebdf98f131d-1057888864"
141;"assets_swf$223d619de69321f89b5a1ebdf98f131d-1057888862"
138;"assets_swf$223d619de69321f89b5a1ebdf98f131d-1057888863"
59;"ui.splash.UI_FightSplash"
1125;"assets_swf$223d619de69321f89b5a1ebdf98f131d-1000319060"
256;"ui.splash.UI_FightAngerRecover"
473;"ui.splash.UI_FightMiss"
795;"ui.hub.UI_FightPage"
122;"ui.sound.MapSound0"
694;"ui.status.UI_FightAngerLeft"
22;"白纹章_swf$5a3c72695762d0219d2b55a280278042995787757"
926;"assets_swf$223d619de69321f89b5a1ebdf98f131d2101779768"
927;"assets_swf$223d619de69321f89b5a1ebdf98f131d2101779769"
1078;"ui.hub.UI_FightSkillBtn"
1041;"ui.hub.UI_FightSuperSkill"
968;"ui.status.UI_FightCapsulePet"
885;"assets_swf$223d619de69321f89b5a1ebdf98f131d617124087"
915;"assets_swf$223d619de69321f89b5a1ebdf98f131d2101779764"
916;"assets_swf$223d619de69321f89b5a1ebdf98f131d2101779765"
1003;"ui.number.UI_NumberHpSlash"
1032;"ui.number.UI_NumberAngerSlash"
24;"黑纹章_swf$7645f82d029b18dd28f6fecaadfce2801873025561"
49;"ui.splash.UI_FightCountDown"
845;"ui.status.UI_WeatherIconBack"
282;"ui.splash.UI_FightAbsorb"
1085;"ui.hub.UI_FightSkillBrief"
78;"ui.SkillEffect0"
1099;"assets_swf$223d619de69321f89b5a1ebdf98f131d-1014106678"
877;"assets_swf$223d619de69321f89b5a1ebdf98f131d-942625151"
143;"assets_swf$223d619de69321f89b5a1ebdf98f131d-1057888935"
145;"assets_swf$223d619de69321f89b5a1ebdf98f131d-1057888932"
147;"assets_swf$223d619de69321f89b5a1ebdf98f131d-1057888930"
144;"assets_swf$223d619de69321f89b5a1ebdf98f131d-1057888931"
112;"ui.end.FightResultBack"
1017;"assets_swf$223d619de69321f89b5a1ebdf98f131d726028229"
146;"assets_swf$223d619de69321f89b5a1ebdf98f131d-1057888929"
1019;"assets_swf$223d619de69321f89b5a1ebdf98f131d726028225"
206;"ui.splash.UI_PowerSkillStart"
1016;"assets_swf$223d619de69321f89b5a1ebdf98f131d726028228"
477;"ui.splash.UI_NumberAngerIncreasePlus"
23;"合体_swf$71b0cb52682dd26fef411789ea2276e7-1828220406"
1018;"assets_swf$223d619de69321f89b5a1ebdf98f131d726028224"
878;"assets_swf$223d619de69321f89b5a1ebdf98f131d271239624"
277;"ui.status.New_UI_FighterTitle"
63;"ui.IconFallback"
245;"ui.sound.PetSound0"
668;"ui.splash.UI_FightLoading"
880;"assets_swf$223d619de69321f89b5a1ebdf98f131d1873516659"
26;"雌性_swf$a12f8393ec3cf01c1dc83859fbba80111291187194"
919;"assets_swf$223d619de69321f89b5a1ebdf98f131d2101779775"
1023;"assets_swf$223d619de69321f89b5a1ebdf98f131d726028233"
1022;"assets_swf$223d619de69321f89b5a1ebdf98f131d726028232"
1021;"assets_swf$223d619de69321f89b5a1ebdf98f131d726028235"
917;"assets_swf$223d619de69321f89b5a1ebdf98f131d2101779774"
1020;"assets_swf$223d619de69321f89b5a1ebdf98f131d726028234"
925;"assets_swf$223d619de69321f89b5a1ebdf98f131d2101779771"
922;"assets_swf$223d619de69321f89b5a1ebdf98f131d2101779772"
1015;"assets_swf$223d619de69321f89b5a1ebdf98f131d726028231"
924;"assets_swf$223d619de69321f89b5a1ebdf98f131d2101779770"
1014;"assets_swf$223d619de69321f89b5a1ebdf98f131d726028230"
777;"ui.common.UI_multipleTooltip"
876;"assets_swf$223d619de69321f89b5a1ebdf98f131d1012862479"
822;"assets_swf$223d619de69321f89b5a1ebdf98f131d539121218"
824;"assets_swf$223d619de69321f89b5a1ebdf98f131d539121219"
826;"assets_swf$223d619de69321f89b5a1ebdf98f131d539121216"
828;"assets_swf$223d619de69321f89b5a1ebdf98f131d539121217"
1046;"ui.hub.UI_FightItemTip"
236;"ui.splash.UI_BaoJiSkillHit"
25;"变身_swf$b7a27e42a658f2dd9b1a00455703b1a7-1111504654"
127;"ui.end.FightResultBtn"
1104;"assets_swf$223d619de69321f89b5a1ebdf98f131d-1014106687"
198;"ui.splash.UI_FightLoading_An"
1107;"assets_swf$223d619de69321f89b5a1ebdf98f131d-1014106686"
1106;"assets_swf$223d619de69321f89b5a1ebdf98f131d-1014106685"
1101;"assets_swf$223d619de69321f89b5a1ebdf98f131d-1014106684"
643;"assets_swf$223d619de69321f89b5a1ebdf98f131d-626351976"
418;"assets_swf$223d619de69321f89b5a1ebdf98f131d220261325"
1105;"assets_swf$223d619de69321f89b5a1ebdf98f131d-1014106688"
1100;"assets_swf$223d619de69321f89b5a1ebdf98f131d-1014106683"
1103;"assets_swf$223d619de69321f89b5a1ebdf98f131d-1014106682"
1102;"assets_swf$223d619de69321f89b5a1ebdf98f131d-1014106681"
315;"ui.splash.UI_FightCatchSuccess"
836;"assets_swf$223d619de69321f89b5a1ebdf98f131d539121221"
829;"assets_swf$223d619de69321f89b5a1ebdf98f131d539121222"
833;"assets_swf$223d619de69321f89b5a1ebdf98f131d539121220"
838;"assets_swf$223d619de69321f89b5a1ebdf98f131d539121226"
831;"assets_swf$223d619de69321f89b5a1ebdf98f131d539121223"
1001;"assets_swf$223d619de69321f89b5a1ebdf98f131d1160231544"
1000;"assets_swf$223d619de69321f89b5a1ebdf98f131d1160231545"
998;"assets_swf$223d619de69321f89b5a1ebdf98f131d1160231548"
999;"assets_swf$223d619de69321f89b5a1ebdf98f131d1160231547"
997;"assets_swf$223d619de69321f89b5a1ebdf98f131d1160231549"
995;"assets_swf$223d619de69321f89b5a1ebdf98f131d1160231551"
996;"assets_swf$223d619de69321f89b5a1ebdf98f131d1160231550"
742;"ui.hub.UI_FightHub"
1087;"ui.hub.UI_FightSkillTip"
459;"assets_swf$223d619de69321f89b5a1ebdf98f131d-1198467800"
262;"ui.splash.UI_FightKOAnimation"
1030;"ui.hub.UI_FightItemBtn"
1071;"ui.hub.UI_FightPeTipItem"
981;"ui.status.UI_FightSPTFighterStatusBarBack"
847;"ui.status.UI_FightSkillLeftBubble"
954;"ui.status.UI_SubFightStatusBarBack"
165;"ui.end.FightKOAnimation"
455;"assets_swf$223d619de69321f89b5a1ebdf98f131d-1198467808"
456;"assets_swf$223d619de69321f89b5a1ebdf98f131d-1198467807"
884;"assets_swf$223d619de69321f89b5a1ebdf98f131d946040652"
457;"assets_swf$223d619de69321f89b5a1ebdf98f131d-1198467806"
458;"assets_swf$223d619de69321f89b5a1ebdf98f131d-1198467805"
1025;"ui.hub.UI_FightPetTipBack"
2;"ui.end.UI_ScreenCover"
790;"ui.status.UI_FightSPTBossStatusBarBack"
834;"assets_swf$223d619de69321f89b5a1ebdf98f131d539121252"
837;"assets_swf$223d619de69321f89b5a1ebdf98f131d539121253"
228;"assets_swf$223d619de69321f89b5a1ebdf98f131d-76344796"
839;"assets_swf$223d619de69321f89b5a1ebdf98f131d539121258"
227;"assets_swf$223d619de69321f89b5a1ebdf98f131d-76344795"
840;"assets_swf$223d619de69321f89b5a1ebdf98f131d539121259"
226;"assets_swf$223d619de69321f89b5a1ebdf98f131d-76344794"
225;"assets_swf$223d619de69321f89b5a1ebdf98f131d-76344793"
232;"assets_swf$223d619de69321f89b5a1ebdf98f131d-76344792"
231;"assets_swf$223d619de69321f89b5a1ebdf98f131d-76344791"
230;"assets_swf$223d619de69321f89b5a1ebdf98f131d-76344790"
67;"ui.splash.UI_PowerSkillHit"
681;"ui.UI_Map0"
463;"assets_swf$223d619de69321f89b5a1ebdf98f131d-1198467794"
464;"assets_swf$223d619de69321f89b5a1ebdf98f131d-1198467793"
879;"assets_swf$223d619de69321f89b5a1ebdf98f131d-699142949"
280;"ui.splash.UI_FightCatchHint"
747;"ui.status.UI_FightCapsulePetTip"
460;"assets_swf$223d619de69321f89b5a1ebdf98f131d-1198467799"
461;"assets_swf$223d619de69321f89b5a1ebdf98f131d-1198467796"
462;"assets_swf$223d619de69321f89b5a1ebdf98f131d-1198467795"
21;"特性_swf$0bae5e370ff3fd01d82b02eac3ab969c1893554953"
881;"assets_swf$223d619de69321f89b5a1ebdf98f131d-1679795235"
244;"ui.hub.UI_FightBarBack"
843;"assets_swf$223d619de69321f89b5a1ebdf98f131d539121277"
469;"ui.hub.New_UI_DepositTxt"
832;"assets_swf$223d619de69321f89b5a1ebdf98f131d-1065262489"
229;"assets_swf$223d619de69321f89b5a1ebdf98f131d-76344789"
942;"ui.status.UI_DoubleFightStatusBarBack"
234;"assets_swf$223d619de69321f89b5a1ebdf98f131d-76344786"
823;"assets_swf$223d619de69321f89b5a1ebdf98f131d-1065262496"
233;"assets_swf$223d619de69321f89b5a1ebdf98f131d-76344785"
821;"assets_swf$223d619de69321f89b5a1ebdf98f131d-1065262495"
827;"assets_swf$223d619de69321f89b5a1ebdf98f131d-1065262494"
825;"assets_swf$223d619de69321f89b5a1ebdf98f131d-1065262493"
830;"assets_swf$223d619de69321f89b5a1ebdf98f131d-1065262492"
19;"羁绊_swf$b3576d6eb63b06284e4a531ba9c434191555842668"
835;"assets_swf$223d619de69321f89b5a1ebdf98f131d-1065262490"
994;"assets_swf$223d619de69321f89b5a1ebdf98f131d1160231488"
772;"ui.status.UI_FightStatusBarBack"
0;"FramePlayer"
