251;"com.taomee.seer2.module.app.petDictionary.suitCollectePanelUI"
315;"com.taomee.seer2.module.app.petDictionary.TipUI_3"
321;"com.taomee.seer2.module.app.petDictionary.TipUI_4"
331;"com.taomee.seer2.module.app.petDictionary.TipUI_5"
342;"com.taomee.seer2.module.app.petDictionary.TipUI_6"
391;"NewPetDicsListCellUI"
302;"com.taomee.seer2.module.app.petDictionary.TipUI_1"
295;"com.taomee.seer2.module.app.petDictionary.suitCollecteCellUI"
309;"com.taomee.seer2.module.app.petDictionary.TipUI_2"
375;"com.taomee.seer2.module.app.petDictionary.TipUI_10"
45;"NewPetDicMainUI"
246;"com.taomee.seer2.module.app.petDictionary.InitialPetCollecteCellUI_1"
174;"NewPetDicsDetailUI"
50;"com.taomee.seer2.module.app.petDictionary.PetsCollectionPanelUI"
215;"com.taomee.seer2.module.app.petDictionary.config.PetDictionaryConfig__xmlClass"
132;"NewPetDicsPropertySearchUI"
289;"com.taomee.seer2.module.app.petDictionary.DictionaryCellUI"
67;"NewPetDicTabBarUI"
348;"com.taomee.seer2.module.app.petDictionary.TipUI_7"
354;"com.taomee.seer2.module.app.petDictionary.TipUI_8"
214;"PetListChangePageUI"
276;"com.taomee.seer2.module.app.petDictionary.PetTrainRewardCell"
367;"com.taomee.seer2.module.app.petDictionary.TipUI_9"
205;"com.taomee.seer2.module.app.petDictionary.InitialPetCollecteCellUI"
0;"com.taomee.seer2.module.app.newPetDictionary.PetDictionary"
